,hierUnitId,hierUnitObjNum,majorGrpObjNum,hierUnitName,majorGrpName,consumerDesc,consumerName,objectNum,name,reportGroup
0,30215,2,100,G Home,INSTRUCTIONS,,,100,Instructions,
1,30215,2,1,G Home,Food,,,200,GK Mr. Beast,1.0
2,30215,2,1,G Home,Food,,,210,GK Mr Beast Bevs,1.0
3,30215,2,1,G Home,Food,,,300,GK Huervitos,1.0
4,30215,2,1,G Home,Food,,,400,GK Firebelly Wings,1.0
5,30215,2,1,G Home,Food,,,500,GK Buddy V's Cake,1.0
6,30215,2,100,G Home,INSTRUCTIONS,,,999,Delivery Times,
7,30215,2,1,G Home,Food,,,1000,Breakfast,1.0
8,30215,2,1,G Home,Food,,,1010,Breakast Sides,1.0
9,30215,2,1,G Home,Food,,,1050,Starters,1.0
10,30215,2,1,G Home,Food,,,1100,Salads,1.0
11,30215,2,1,G Home,Food,,,1150,Soups,1.0
12,30215,2,1,G Home,Food,,,1250,Snacks/Sandwich,1.0
13,30215,2,1,G Home,Food,,,1300,Main Courses,1.0
14,30215,2,1,G Home,Food,,,1350,Midcourse,1.0
15,30215,2,1,G Home,Food,,,1390,Cheese,1.0
16,30215,2,1,G Home,Food,,,1400,Dessert,1.0
17,30215,2,1,G Home,Food,,,1450,Open Food,1.0
18,30215,2,1,G Home,Food,,,1500,Sides,1.0
19,30215,2,1,G Home,Food,,,1550,Buffet,1.0
20,30215,2,1,G Home,Food,,,1560,Employee Menu,1.0
21,30215,2,1,G Home,Food,,,1600,Banquet Food,1.0
22,30215,2,1,G Home,Food,,,1650,Food Modifiers,1.0
23,30215,2,1,G Home,Food,,,1700,Kids Menu,1.0
24,30215,2,1,G Home,Food,,,1800,Hot Beverages,1.0
25,30215,2,1,G Home,Food,,,1900,Periodical Promotions,1.0
26,30215,2,1,G Home,Food,,,1950,Set Menu,1.0
27,30215,2,2,G Home,Beer,,,2000,Beer Domestic Bottle,2.0
28,30215,2,2,G Home,Beer,,,2050,Beer Domestic Draft,2.0
29,30215,2,2,G Home,Beer,,,2100,Beer Import Bottle,2.0
30,30215,2,2,G Home,Beer,,,2200,Beer Import Draft,2.0
31,30215,2,2,G Home,Beer,,,2300,Beer Banquet,2.0
32,30215,2,2,G Home,Beer,,,2400,Non Alcoholic Beer,2.0
33,30215,2,2,G Home,Beer,,,2500,Open Beer,2.0
34,30215,2,3,G Home,Liquor,,,3000,Aperitif,3.0
35,30215,2,3,G Home,Liquor,,,3050,Digestif,3.0
36,30215,2,3,G Home,Liquor,,,3100,Bar Modifiers,3.0
37,30215,2,3,G Home,Liquor,,,3150,Vodka Preps,3.0
38,30215,2,3,G Home,Liquor,,,3151,Gin Preps,3.0
39,30215,2,3,G Home,Liquor,,,3152,Rum Preps,3.0
40,30215,2,3,G Home,Liquor,,,3153,Scotch Preps,3.0
41,30215,2,3,G Home,Liquor,,,3154,Bourbon Whisky Preps,3.0
42,30215,2,3,G Home,Liquor,,,3155,Tequila Preps,3.0
43,30215,2,3,G Home,Liquor,,,3188,Mixers,3.0
44,30215,2,3,G Home,Liquor,,,3189,Garnish Prep,3.0
45,30215,2,3,G Home,Liquor,,,3200,Whiskey,3.0
46,30215,2,3,G Home,Liquor,,,3300,Brandy/Cognac,3.0
47,30215,2,3,G Home,Liquor,,,3400,Vodka,3.0
48,30215,2,3,G Home,Liquor,,,3450,Cordials/Liqueur,3.0
49,30215,2,3,G Home,Liquor,,,3500,Tequila ,3.0
50,30215,2,3,G Home,Liquor,,,3510,Mezcal,3.0
51,30215,2,3,G Home,Liquor,,,3550,Gin,3.0
52,30215,2,3,G Home,Liquor,,,3750,Rum,3.0
53,30215,2,3,G Home,Liquor,,,3800,Scotch,3.0
54,30215,2,3,G Home,Liquor,,,3850,Specialty Cocktail,3.0
55,30215,2,3,G Home,Liquor,,,3900,Cocktails,3.0
56,30215,2,3,G Home,Liquor,,,3930,Cash Bar Liqour,3.0
57,30215,2,3,G Home,Liquor,,,3950,Happy Hour Liqour,3.0
58,30215,2,2,G Home,Beer,,,3951,Happy Hour Beer,2.0
59,30215,2,4,G Home,Wine,,,3952,Happy Hour Wine,4.0
60,30215,2,1,G Home,Food,,,3953,Happy Hour Food,1.0
61,30215,2,3,G Home,Liquor,,,3999,Open Liquor,3.0
62,30215,2,4,G Home,Wine,,,4000,Bottled Wine-Other,4.0
63,30215,2,4,G Home,Wine,,,4100,Bottled Wine-Red,4.0
64,30215,2,4,G Home,Wine,,,4150,Bottled Wine-White,4.0
65,30215,2,4,G Home,Wine,,,4200,Bottled Wine-Sparkling,4.0
66,30215,2,4,G Home,Wine,,,4250,Glass Red,4.0
67,30215,2,4,G Home,Wine,,,4260,Glass White,4.0
68,30215,2,4,G Home,Wine,,,4270,Glass Sparkling,4.0
69,30215,2,4,G Home,Wine,,,4300,Banquet Wine,4.0
70,30215,2,4,G Home,Wine,,,4310,Cabernet,4.0
71,30215,2,4,G Home,Wine,,,4340,Chardonnay,4.0
72,30215,2,4,G Home,Wine,,,4350,Chianti,4.0
73,30215,2,4,G Home,Wine,,,4360,Malbec,4.0
74,30215,2,4,G Home,Wine,,,4380,Pinot Gris/Grigio,4.0
75,30215,2,4,G Home,Wine,,,4390,Pinot Noir,4.0
76,30215,2,4,G Home,Wine,,,4400,Port/Sherry,4.0
77,30215,2,4,G Home,Wine,,,4410,Riesling,4.0
78,30215,2,4,G Home,Wine,,,4420,Sauvignon Blanc,4.0
79,30215,2,4,G Home,Wine,,,4440,Zinfandel,4.0
80,30215,2,4,G Home,Wine,,,4450,Sparkling/Champagne ,4.0
81,30215,2,4,G Home,Wine,,,4451,Sparkling/Champagne Glass,4.0
82,30215,2,4,G Home,Wine,,,4500,Open Wine,4.0
83,30215,2,5,G Home,Non Alcoholic Beverages,,,5000,Beverage Modifier,5.0
84,30215,2,5,G Home,Non Alcoholic Beverages,,,5200,Bottled Water,5.0
85,30215,2,5,G Home,Non Alcoholic Beverages,,,5300,Coffee/Tea,5.0
86,30215,2,5,G Home,Non Alcoholic Beverages,,,5400,Iced Tea,5.0
87,30215,2,5,G Home,Non Alcoholic Beverages,,,5500,Juice,5.0
88,30215,2,5,G Home,Non Alcoholic Beverages,,,5600,Milk,5.0
89,30215,2,5,G Home,Non Alcoholic Beverages,,,5700,Open Beverage,5.0
90,30215,2,5,G Home,Non Alcoholic Beverages,,,5800,Soft Drinks,5.0
91,30215,2,5,G Home,Non Alcoholic Beverages,,,5900,Water,5.0
92,30215,2,6,G Home,Equipment/Fees,,,6500,Meeting Room,6.0
93,30215,2,7,G Home,Retail/Misc,,,7000,Activities,7.0
94,30215,2,7,G Home,Retail/Misc,,,7010,Activity Rental,7.0
95,30215,2,7,G Home,Retail/Misc,,,7020,Business Center Service,7.0
96,30215,2,7,G Home,Retail/Misc,,,7030,Cloakroom,7.0
97,30215,2,7,G Home,Retail/Misc,,,7040,Corkage,7.0
98,30215,2,7,G Home,Retail/Misc,,,7060,Cover Charge,7.0
99,30215,2,7,G Home,Retail/Misc,,,7070,Daily Deligage Rate,7.0
100,30215,2,7,G Home,Retail/Misc,,,7080,Delivery Charge,7.0
101,30215,2,7,G Home,Retail/Misc,,,7090,Extra Labor,7.0
102,30215,2,7,G Home,Retail/Misc,,,7100,Fitness,7.0
103,30215,2,7,G Home,Retail/Misc,,,7110,Flowers,7.0
104,30215,2,7,G Home,Retail/Misc,,,7120,Laundry/Dry Clean,7.0
105,30215,2,7,G Home,Retail/Misc,,,7130,Memberships,7.0
106,30215,2,7,G Home,Retail/Misc,,,7140,Misc. No Tax,7.0
107,30215,2,7,G Home,Retail/Misc,,,7150,Misc. Tax,7.0
108,30215,2,7,G Home,Retail/Misc,,,7160,Music Royalties,7.0
109,30215,2,7,G Home,Retail/Misc,,,7170,Music/Entertainment,7.0
110,30215,2,7,G Home,Retail/Misc,,,7180,Open Misc,7.0
111,30215,2,7,G Home,Retail/Misc,,,7190,Parking,7.0
112,30215,2,7,G Home,Retail/Misc,,,7200,Shop/Goods,7.0
113,30215,2,7,G Home,Retail/Misc,,,7210,Tobacco,7.0
114,30215,2,7,G Home,Retail/Misc,,,7220,TrayCharge,7.0
115,30215,2,7,G Home,Retail/Misc,,,7230,Vouchers,7.0
116,30215,2,7,G Home,Retail/Misc,,,7240,Room Hire,7.0
117,30215,2,7,G Home,Retail/Misc,,,7250,Amenities/Spa,7.0
118,30215,2,1,G Home,Food,,,7370,Kids,1.0
119,30215,2,1,G Home,Food,,,7380,Banquet Food,1.0
120,30215,2,5,G Home,Non Alcoholic Beverages,,,7383,Banquet N/A Beverage,5.0
121,30215,2,7,G Home,Retail/Misc,,,7384,Banquet Misc,7.0
122,30215,2,3,G Home,Liquor,,,7385,Banquet Liqour,3.0
