,name
0,=== INSTRUCTION CLASSES ===
1,KITCHEN INSTRUCTIONS
2,m: kitchen instructions reference
3,m: bar instructions reference
4,Grease Trap Commission
5,m: pancake fruit topping
6,FOOD: Tax+Pancake Choice
7,Preset - Tax & Discountable
8,Preset - No Tax
9,Preset - No Tax &  No Discount
10,Preset - No Discount
11,Open - Tax & Discountable
12,Open - No Tax
13,Open - No Tax &  No Discount
14,Open - No Discount
15,Weighed - Tax & Discountable
16,Weighed - No Tax
17,Weighed - No Tax &  No Discount
18,Weighed - No Discount
19,===========================
20,FOOD: Tax-Seat
21,FOOD: Tax+Seat
22,FOOD: Tax+Seat+Open$
23,FOOD: Tax-Seat+Open$
24,FOOD: Tax+Seat+Ref
25,FOOD: Tax-Seat+Ref
26,FOOD: Tax+Seat+Open$+Ref
27,FOOD: Tax-Seat+Open$+Ref
28,FOOD: Tax-Seat Prix Fixe
29,FOOD: Salmon Choices
30,FOOD: NoTax+Seat
31,FOOD: NoTax-Seat
32,FOOD: NoTax+Seat+Open$
33,FOOD: NoTax-Seat+Open$
34,FOOD: NoTax+Seat+Ref
35,FOOD: NoTax-Seat+Ref
36,FOOD: NoTax+Seat+Open$+Ref
37,FOOD: NoTax-Seat+Open$+Ref
38, 
39,FOOD SBS: Meat Options
40,FOOD: Tax-Seat Price Fix 
41,FOOD: Tax-Seat PF 14
42,FOOD: Tax-Seat PF 15
43,FOOD: Tax-Seat PF 16
44,FOOD: Tax-Seat PF 17
45,FOOD: Tax-Seat PF 18
46,FOOD: Tax-Seat PF 19
47,FOOD: Tax-Seat PF 20
48,FOOD: Tax-Seat PF 21
49,FOOD: S PF 20 MT Egg
50,FOOD: S PF 20  Egg
51,===========================
52,BEER: Tax+Seat
53,BEER: Tax-Seat
54,BEER: Tax+Seat+Open$
55,BEER: Tax-Seat+Open$
56,BEER: Tax+Seat+Ref
57,BEER: Tax-Seat+Ref
58,BEER: Tax+Seat+Open$+Ref
59,BEER: Tax-Seat+Open$+Ref
60,BEER: NoTax+Seat
61,BEER: NoTax-Seat
62,BEER: NoTax+Seat+Open$
63,BEER: NoTax-Seat+Open$
64,BEER: NoTax+Seat+Ref
65,BEER: NoTax-Seat+Ref
66,BEER: NoTax+Seat+Open$+Ref
67,BEER: NoTax-Seat+Open$+Ref
68,===========================
69,LIQ: Tax+Seat
70,LIQ: Tax-Seat
71,LIQ: Tax+Seat+Open$
72,LIQ: Tax-Seat+Open$
73,LIQ: Tax+Seat+Ref
74,LIQ: Tax-Seat+Ref
75,LIQ: Tax+Seat+Open$+Ref
76,LIQ: Tax-Seat+Open$+Ref
77,LIQ: Tax + Seat No SubL
78,LIQ: NoTax+Seat
79,LIQ: NoTax-Seat
80,LIQ: NoTax+Seat+Open$
81,LIQ: NoTax-Seat+Open$
82,LIQ: NoTax+Seat+Ref
83,LIQ: NoTax-Seat+Ref
84,LIQ: NoTax+Seat+Open$+Ref
85,LIQ: NoTax-Seat+Open$+Ref
86,===========================
87,WINE: Tax+Seat
88,WINE: Tax-Seat
89,WINE: Tax+Seat+Open$
90,WINE: Tax-Seat+Open$
91,WINE: Tax+Seat+Ref
92,WINE: Tax-Seat+Ref
93,WINE: Tax+Seat+Open$+Ref
94,WINE: Tax-Seat+Open$+Ref
95,WINE: NoTax+Seat
96,WINE: NoTax-Seat
97,WINE: NoTax+Seat+Open$
98,WINE: NoTax-Seat+Open$
99,WINE: NoTax+Seat+Ref
100,WINE: NoTax-Seat+Ref
101,WINE: NoTax+Seat+Open$+Ref
102,WINE: NoTax-Seat+Open$+Ref
103,===========================
104,OBEV: Tax+Seat
105,OBEV: Tax-Seat
106,OBEV: Tax+Seat+Open$
107,OBEV: Tax-Seat+Open$
108,OBEV: Tax+Seat+Ref
109,OBEV: Tax-Seat+Ref
110,OBEV: Tax+Seat+Open$+Ref
111,OBEV: Tax-Seat+Open$+Ref
112,OBEV: NoTax+Seat
113,OBEV: NoTax-Seat
114,OBEV: NoTax+Seat+Open$
115,OBEV: NoTax-Seat+Open$
116,OBEV: NoTax+Seat+Ref
117,OBEV: NoTax-Seat+Ref
118,OBEV: NoTax+Seat+Open$+Ref
119,OBEV: NoTax-Seat+Open$+Ref
120,===========================
121,EQIP: Tax
122,EQIP: Tax+Open$
123,EQIP: Tax+Ref
124,EQIP: Tax+Open$+Ref
125,EQIP: NoTax
126,EQIP: NoTax+Open$
127,EQIP: NoTax+Ref
128,EQIP: NoTax+Open$+Ref
129,===========================
130,SUND: Tax
131,SUND: Tax+Open$
132,SUND: Tax+Ref
133,SUND: Tax+Open$+Ref
134,SUND: NoTax
135,SUND: NoTax+Open$
136,SUND: NoTax+Ref
137,SUND: NoTax+Open$+Ref
138,TOBAC: Tax
139,TOBAC: Tax+Open$
140,TOBAC: Tax+Ref
141,TOBAC: Tax+Open$+Ref
142,=== NO SEAT (RS) CLASSES ===
143,R: MEAT TEMP
144,R: EGG PREP
145,=== REQ NO SEAT (R) CLASSES ===
146,RS: MEAT TEMP
147,RS: EGG PREP
148,RS:MEAT TEMP/EGG PREP
149,RS: EGG/BMEAT/TOAST
150,RS: SYRUP CHOICE
151,RS: TACO CHOICE
152,=== MIXERS/PREPS
153,RS: VODKA MIXERS/PREPS
154,RS: GIN MIXERS/PREPS
155,RS: RUM MIXERS/PREPS
156,RS: SCOTCH MIXERS/PREPS
157,RS: BRBN/WHSK MIXERS/PREPS
158,RS: TEQUILA MIXERS/PREPS
159,RS: MIXERS
160,RS:MIXERS NO SUBL
161,R-Nacho Toppings
162,R-Quesa AddOns
163,R-Pancake AddOns
164,R-Chai Options
165,R-Tea Options
166,R-Hot Cold
167,R-Standard Parent
168,=== MODIFIER (m) CLASSES ===
169,m: meat temp
170,m: toast
171,m: egg prep
172,m: b meat
173,m: kid drink
174,m: syrup choice
175,m: taco choice
176,-m: Salmon Temp
177,m: Salmon Toppings
178,m: Salmon Sides
179,m: Salmon Decoration
180,m: bar prep
181,m: food prep
182,m: vodka preps
183,m: gin preps
184,m: rum preps
185,m: scotch preps
186,m: brbn/whisk preps
187,m: tequila preps
188,m: mixers
189,m: garnish
190,M-Standard Member
191,Special Instructions
192,M-Prefix
193,CSG FP w/Tax
194,CSG FP w/NoTax
195,CSG OP w/Tax
196,CSG OP w/No Tax
197,CSG FP W/Tax DiscExempt
198,CSG FP w/No Tax DiscExempt
199,CSG OP w/Tax Disc Exempt
200,CSG OP w/No Tax Disc Exempt
