,name
0,=== SYSTEM ONLY ===
1,Open $ Food Discount
2,=== GUEST CHECK ONLY ===
3,Open % Food Discount
4,=== LOCAL CHIT ===
5,Open $ Food Item Disc
6,=== COURSE LINE ===
7,Open % Food Item Disc
8,=== FIRE LINE ===
9,Open$ Liqour Discount
10,=== CONDIMENTS ALL DEVICES ===
11,Open % Liqour Discount
12,=== CONDIMENTS ALL (No Checks) ===
13,10% Local Discount
14,=== OPEN FOOD ===
15,=== OPEN BEVERAGE ===
16,50% Hilton Team Member
17,=== INFO KITCHEN ===
18,=== INFO BAR ===
19,Pancakes and Parking
20,Gift Certificate
21,No Like
22,Spill
23,JBI 50% Emp
24,$ Charge Tip
25,% Charge Tip
26,20% Large Party Gratuity
27,15% Gratuity
28,Admin 9%
29,IRD 20% Gratuity
30,IRD Service Charge
31,IRD Service Charge
32,Cash
33,Check
34,Hilton Voucher
35,Gift Voucher
36,OPI Default
37,Visa
38,Room Charge
39,Solo
40,Skytab VISA
41,Skytab MC
42,Skytab AMEX
43,Skytab Disc
44,Skytab Check
45,AmEx
46,Diner Club
47,Maestro/Switch
48,China Union Pay
49,JCB
50,=== OPS PRINT CLASSES ===
51,Discover
52,MasterCard
53,=== OFFLINE TENDERS ===
54,OFFLINE Cash
55,OFFLINE Check
56,OFFLINE Hilton Voucher
57,OFFLINE Gift Voucher
58,OFFLINE Visa
59,OFFLINE Room Charge
60,OFFLINE Solo
61,OFFLINE AmEx
62,OFFLINE Diners Club
63,OFFLINE Maestro/Switch
64,OFFLINE China Union Pay
65,OFFLINE JCB
66,OFFLINE Discover
67,OFFLINE MasterCard
68,=== SERVICE OPERATIONS===
69,Service Total
70,Service Total Credit Cards
71,Refire Order
72,AutoFire Service Total
73,Send & Stay in Transaction
74,Send & Hold
75,Hold Order
76,=== PRINT ONE CHECK ===
77,Print Check
78,Print Check No Trailer
79,Reprint Check
80,Reprint Check No Trailer
81,=== PRINT TWO CHECKS ===
82,Print Check x2
83,Print Check x2 No Trailer
84,Reprint Check x2
85,Reprint Check x2 No Trailer
86,=== SEAT CHECKS ===
87,Print Seat Check All Seats
88,Print Seat Check x1 Check
89,=== SERVICE CHARGES ===
90,Tips Paid
91,Virtual Dining
92,Expo Only
93,Expo Hot
94,Expo Cold
95,Expo Cold Hot
96,test
97,Service Bar
98,EXPO COLD HOT BAR
