,hierUnitName,hierUnitId,hierUnitObjNum,type,objectNum,name
0,G Home,30215,2,1,1,Discount SLU 1
1,G Home,30215,2,1,2,Discount SLU 2
2,G Home,30215,2,1,3,Discount SLU 3
3,G Home,30215,2,1,4,Discount SLU 4
4,G Home,30215,2,1,5,Discount SLU 5
5,G Home,30215,2,1,6,Discount SLU 6
6,G Home,30215,2,1,7,Discount SLU 7
7,G Home,30215,2,1,8,Discount SLU 8
8,G Home,30215,2,1,9,Discount SLU 9
9,G Home,30215,2,1,10,Discount SLU 10
10,G Home,30215,2,1,11,Discount SLU 11
11,G Home,30215,2,1,12,Discount SLU 12
12,G Home,30215,2,1,13,Discount SLU 13
13,G Home,30215,2,1,14,Discount SLU 14
14,G Home,30215,2,1,15,Discount SLU 15
15,G Home,30215,2,1,16,Discount SLU 16
16,G Home,30215,2,1,17,Discount SLU 17
17,G Home,30215,2,1,18,Discount SLU 18
18,G Home,30215,2,1,19,Discount SLU 19
19,G Home,30215,2,1,20,Discount SLU 20
20,G Home,30215,2,1,21,Discount SLU 21
21,G Home,30215,2,1,22,Discount SLU 22
22,G Home,30215,2,1,23,Discount SLU 23
23,G Home,30215,2,1,24,Discount SLU 24
24,G Home,30215,2,1,25,Discount SLU 25
25,G Home,30215,2,1,26,Discount SLU 26
26,G Home,30215,2,1,27,Discount SLU 27
27,G Home,30215,2,1,28,Discount SLU 28
28,G Home,30215,2,1,29,Discount SLU 29
29,G Home,30215,2,1,30,Discount SLU 30
30,G Home,30215,2,1,31,Discount SLU 31
31,G Home,30215,2,1,32,Discount SLU 32
32,G Home,30215,2,1,33,Discount SLU 33
33,G Home,30215,2,1,34,Discount SLU 34
34,G Home,30215,2,1,35,Discount SLU 35
35,G Home,30215,2,1,36,Discount SLU 36
36,G Home,30215,2,1,37,Discount SLU 37
37,G Home,30215,2,1,38,Discount SLU 38
38,G Home,30215,2,1,39,Discount SLU 39
39,G Home,30215,2,1,40,Discount SLU 40
40,G Home,30215,2,1,41,Discount SLU 41
41,G Home,30215,2,1,42,Discount SLU 42
42,G Home,30215,2,1,43,Discount SLU 43
43,G Home,30215,2,1,44,Discount SLU 44
44,G Home,30215,2,1,45,Discount SLU 45
45,G Home,30215,2,1,46,Discount SLU 46
46,G Home,30215,2,1,47,Discount SLU 47
47,G Home,30215,2,1,48,Discount SLU 48
48,G Home,30215,2,1,49,Discount SLU 49
49,G Home,30215,2,1,50,Discount SLU 50
50,G Home,30215,2,1,51,Discount SLU 51
51,G Home,30215,2,1,52,Discount SLU 52
52,G Home,30215,2,1,53,Discount SLU 53
53,G Home,30215,2,1,54,Discount SLU 54
54,G Home,30215,2,1,55,Discount SLU 55
55,G Home,30215,2,1,56,Discount SLU 56
56,G Home,30215,2,1,57,Discount SLU 57
57,G Home,30215,2,1,58,Discount SLU 58
58,G Home,30215,2,1,59,Discount SLU 59
59,G Home,30215,2,1,60,Discount SLU 60
60,G Home,30215,2,1,61,Discount SLU 61
61,G Home,30215,2,1,62,Discount SLU 62
62,G Home,30215,2,1,63,Discount SLU 63
63,G Home,30215,2,1,64,Discount SLU 64
64,G Home,30215,2,2,1,Svc Chrge SLU 1
65,G Home,30215,2,2,2,Svc Chrge SLU 2
66,G Home,30215,2,2,3,Svc Chrge SLU 3
67,G Home,30215,2,2,4,Svc Chrge SLU 4
68,G Home,30215,2,2,5,Svc Chrge SLU 5
69,G Home,30215,2,2,6,Svc Chrge SLU 6
70,G Home,30215,2,2,7,Svc Chrge SLU 7
71,G Home,30215,2,2,8,Svc Chrge SLU 8
72,G Home,30215,2,2,9,Svc Chrge SLU 9
73,G Home,30215,2,2,10,Svc Chrge SLU 10
74,G Home,30215,2,2,11,Svc Chrge SLU 11
75,G Home,30215,2,2,12,Svc Chrge SLU 12
76,G Home,30215,2,2,13,Svc Chrge SLU 13
77,G Home,30215,2,2,14,Svc Chrge SLU 14
78,G Home,30215,2,2,15,Svc Chrge SLU 15
79,G Home,30215,2,2,16,Svc Chrge SLU 16
80,G Home,30215,2,2,17,Svc Chrge SLU 17
81,G Home,30215,2,2,18,Svc Chrge SLU 18
82,G Home,30215,2,2,19,Svc Chrge SLU 19
83,G Home,30215,2,2,20,Svc Chrge SLU 20
84,G Home,30215,2,2,21,Svc Chrge SLU 21
85,G Home,30215,2,2,22,Svc Chrge SLU 22
86,G Home,30215,2,2,23,Svc Chrge SLU 23
87,G Home,30215,2,2,24,Svc Chrge SLU 24
88,G Home,30215,2,2,25,Svc Chrge SLU 25
89,G Home,30215,2,2,26,Svc Chrge SLU 26
90,G Home,30215,2,2,27,Svc Chrge SLU 27
91,G Home,30215,2,2,28,Svc Chrge SLU 28
92,G Home,30215,2,2,29,Svc Chrge SLU 29
93,G Home,30215,2,2,30,Svc Chrge SLU 30
94,G Home,30215,2,2,31,Svc Chrge SLU 31
95,G Home,30215,2,2,32,Svc Chrge SLU 32
96,G Home,30215,2,2,33,Svc Chrge SLU 33
97,G Home,30215,2,2,34,Svc Chrge SLU 34
98,G Home,30215,2,2,35,Svc Chrge SLU 35
99,G Home,30215,2,2,36,Svc Chrge SLU 36
100,G Home,30215,2,2,37,Svc Chrge SLU 37
101,G Home,30215,2,2,38,Svc Chrge SLU 38
102,G Home,30215,2,2,39,Svc Chrge SLU 39
103,G Home,30215,2,2,40,Svc Chrge SLU 40
104,G Home,30215,2,2,41,Svc Chrge SLU 41
105,G Home,30215,2,2,42,Svc Chrge SLU 42
106,G Home,30215,2,2,43,Svc Chrge SLU 43
107,G Home,30215,2,2,44,Svc Chrge SLU 44
108,G Home,30215,2,2,45,Svc Chrge SLU 45
109,G Home,30215,2,2,46,Svc Chrge SLU 46
110,G Home,30215,2,2,47,Svc Chrge SLU 47
111,G Home,30215,2,2,48,Svc Chrge SLU 48
112,G Home,30215,2,2,49,Svc Chrge SLU 49
113,G Home,30215,2,2,50,Svc Chrge SLU 50
114,G Home,30215,2,2,51,Svc Chrge SLU 51
115,G Home,30215,2,2,52,Svc Chrge SLU 52
116,G Home,30215,2,2,53,Svc Chrge SLU 53
117,G Home,30215,2,2,54,Svc Chrge SLU 54
118,G Home,30215,2,2,55,Svc Chrge SLU 55
119,G Home,30215,2,2,56,Svc Chrge SLU 56
120,G Home,30215,2,2,57,Svc Chrge SLU 57
121,G Home,30215,2,2,58,Svc Chrge SLU 58
122,G Home,30215,2,2,59,Svc Chrge SLU 59
123,G Home,30215,2,2,60,Svc Chrge SLU 60
124,G Home,30215,2,2,61,Svc Chrge SLU 61
125,G Home,30215,2,2,62,Svc Chrge SLU 62
126,G Home,30215,2,2,63,Svc Chrge SLU 63
127,G Home,30215,2,2,64,Svc Chrge SLU 64
128,G Home,30215,2,3,1,T/Media SLU 1
129,G Home,30215,2,3,2,T/Media SLU 2
130,G Home,30215,2,3,3,T/Media SLU 3
131,G Home,30215,2,3,4,T/Media SLU 4
132,G Home,30215,2,3,5,T/Media SLU 5
133,G Home,30215,2,3,6,T/Media SLU 6
134,G Home,30215,2,3,7,T/Media SLU 7
135,G Home,30215,2,3,8,T/Media SLU 8
136,G Home,30215,2,3,9,T/Media SLU 9
137,G Home,30215,2,3,10,T/Media SLU 10
138,G Home,30215,2,3,11,T/Media SLU 11
139,G Home,30215,2,3,12,T/Media SLU 12
140,G Home,30215,2,3,13,T/Media SLU 13
141,G Home,30215,2,3,14,T/Media SLU 14
142,G Home,30215,2,3,15,T/Media SLU 15
143,G Home,30215,2,3,16,T/Media SLU 16
144,G Home,30215,2,3,17,T/Media SLU 17
145,G Home,30215,2,3,18,T/Media SLU 18
146,G Home,30215,2,3,19,T/Media SLU 19
147,G Home,30215,2,3,20,T/Media SLU 20
148,G Home,30215,2,3,21,T/Media SLU 21
149,G Home,30215,2,3,22,T/Media SLU 22
150,G Home,30215,2,3,23,T/Media SLU 23
151,G Home,30215,2,3,24,T/Media SLU 24
152,G Home,30215,2,3,25,T/Media SLU 25
153,G Home,30215,2,3,26,T/Media SLU 26
154,G Home,30215,2,3,27,T/Media SLU 27
155,G Home,30215,2,3,28,T/Media SLU 28
156,G Home,30215,2,3,29,T/Media SLU 29
157,G Home,30215,2,3,30,T/Media SLU 30
158,G Home,30215,2,3,31,T/Media SLU 31
159,G Home,30215,2,3,32,T/Media SLU 32
160,G Home,30215,2,3,33,T/Media SLU 33
161,G Home,30215,2,3,34,T/Media SLU 34
162,G Home,30215,2,3,35,T/Media SLU 35
163,G Home,30215,2,3,36,T/Media SLU 36
164,G Home,30215,2,3,37,T/Media SLU 37
165,G Home,30215,2,3,38,T/Media SLU 38
166,G Home,30215,2,3,39,T/Media SLU 39
167,G Home,30215,2,3,40,T/Media SLU 40
168,G Home,30215,2,3,41,T/Media SLU 41
169,G Home,30215,2,3,42,T/Media SLU 42
170,G Home,30215,2,3,43,T/Media SLU 43
171,G Home,30215,2,3,44,T/Media SLU 44
172,G Home,30215,2,3,45,T/Media SLU 45
173,G Home,30215,2,3,46,T/Media SLU 46
174,G Home,30215,2,3,47,T/Media SLU 47
175,G Home,30215,2,3,48,T/Media SLU 48
176,G Home,30215,2,3,49,T/Media SLU 49
177,G Home,30215,2,3,50,T/Media SLU 50
178,G Home,30215,2,3,51,T/Media SLU 51
179,G Home,30215,2,3,52,T/Media SLU 52
180,G Home,30215,2,3,53,T/Media SLU 53
181,G Home,30215,2,3,54,T/Media SLU 54
182,G Home,30215,2,3,55,T/Media SLU 55
183,G Home,30215,2,3,56,T/Media SLU 56
184,G Home,30215,2,3,57,T/Media SLU 57
185,G Home,30215,2,3,58,T/Media SLU 58
186,G Home,30215,2,3,59,T/Media SLU 59
187,G Home,30215,2,3,60,T/Media SLU 60
188,G Home,30215,2,3,61,T/Media SLU 61
189,G Home,30215,2,3,62,T/Media SLU 62
190,G Home,30215,2,3,63,T/Media SLU 63
191,G Home,30215,2,3,64,T/Media SLU 64
192,G Home,30215,2,6,1,BFKST STARTERS
193,G Home,30215,2,6,2,BKFST ENTR
194,G Home,30215,2,6,3,BKFST SIDES
195,G Home,30215,2,6,4,L/D STARTERS
196,G Home,30215,2,6,5,L/D SOUPS/SALADS
197,G Home,30215,2,6,6,L/D SANDWICHES
198,G Home,30215,2,6,7,L/D MAINS
199,G Home,30215,2,6,8,L/D KIDS
200,G Home,30215,2,6,9,DESSERTS
201,G Home,30215,2,6,10,L/D SIDES
202,G Home,30215,2,6,11,DESSERTS
203,G Home,30215,2,6,12,BUFFET
204,G Home,30215,2,6,13,L/D MIDCOURSE
205,G Home,30215,2,6,14,PRIX FIXE
206,G Home,30215,2,6,15,
207,G Home,30215,2,6,16,
208,G Home,30215,2,6,17,
209,G Home,30215,2,6,18,
210,G Home,30215,2,6,19,
211,G Home,30215,2,6,20,
212,G Home,30215,2,6,21,RVC 2 SLU 1
213,G Home,30215,2,6,22,RVC 2 SLU 2
214,G Home,30215,2,6,23,RVC 2 SLU 3
215,G Home,30215,2,6,24,RVC 2 SLU 4
216,G Home,30215,2,6,25,RVC 2 SLU 5
217,G Home,30215,2,6,26,RVC 2 SLU 6
218,G Home,30215,2,6,27,RVC 2 SLU 7
219,G Home,30215,2,6,28,RVC 2 SLU 8
220,G Home,30215,2,6,29,RVC 2 SLU 9
221,G Home,30215,2,6,30,RVC 2 SLU 10
222,G Home,30215,2,6,31,RVC 3 SLU 1
223,G Home,30215,2,6,32,RVC 3 SLU 2
224,G Home,30215,2,6,33,RVC 3 SLU 3
225,G Home,30215,2,6,34,RVC 3 SLU 4
226,G Home,30215,2,6,35,RVC 3 SLU 5
227,G Home,30215,2,6,36,RVC 3 SLU 6
228,G Home,30215,2,6,37,RVC 3 SLU 7
229,G Home,30215,2,6,38,RVC 3 SLU 8
230,G Home,30215,2,6,39,RVC 3 SLU 9
231,G Home,30215,2,6,40,RVC 3 SLU 10
232,G Home,30215,2,6,41,RVC 4 SLU 1
233,G Home,30215,2,6,42,RVC 4 SLU 2
234,G Home,30215,2,6,43,RVC 4 SLU 3
235,G Home,30215,2,6,44,RVC 4 SLU 4
236,G Home,30215,2,6,45,RVC 4 SLU 5
237,G Home,30215,2,6,46,RVC 4 SLU 6
238,G Home,30215,2,6,47,RVC 4 SLU 7
239,G Home,30215,2,6,48,RVC 4 SLU 8
240,G Home,30215,2,6,49,RVC 4 SLU 9
241,G Home,30215,2,6,50,RVC 4 SLU 10
242,G Home,30215,2,6,51,RVC 5 SLU 1
243,G Home,30215,2,6,52,RVC 5 SLU 2
244,G Home,30215,2,6,53,RVC 5 SLU 3
245,G Home,30215,2,6,54,RVC 5 SLU 4
246,G Home,30215,2,6,55,RVC 5 SLU 5
247,G Home,30215,2,6,56,RVC 5 SLU 6
248,G Home,30215,2,6,57,RVC 5 SLU 7
249,G Home,30215,2,6,58,RVC 5 SLU 8
250,G Home,30215,2,6,59,RVC 5 SLU 9
251,G Home,30215,2,6,60,RVC 5 SLU 10
252,G Home,30215,2,6,61,RVC 6 SLU 1
253,G Home,30215,2,6,62,RVC 6 SLU 2
254,G Home,30215,2,6,63,RVC 6 SLU 3
255,G Home,30215,2,6,64,RVC 6 SLU 4
256,G Home,30215,2,6,65,RVC 6 SLU 5
257,G Home,30215,2,6,66,RVC 6 SLU 6
258,G Home,30215,2,6,67,RVC 6 SLU 7
259,G Home,30215,2,6,68,RVC 6 SLU 8
260,G Home,30215,2,6,69,RVC 6 SLU 9
261,G Home,30215,2,6,70,RVC 6 SLU 10
262,G Home,30215,2,6,71,NON-ALCOHOLIC BEVERAGES
263,G Home,30215,2,6,72,COLD BEVERAGES
264,G Home,30215,2,6,73,HOT BEVERAGES
265,G Home,30215,2,6,74,SODA
266,G Home,30215,2,6,75,JUICE/MILK
267,G Home,30215,2,6,76,SMOOTHIES
268,G Home,30215,2,6,77,ESPRESSO
269,G Home,30215,2,6,78,OTHER BEVERAGES
270,G Home,30215,2,6,79,
271,G Home,30215,2,6,80,WINE RED GLASS
272,G Home,30215,2,6,81,WINE RED BOTTLE
273,G Home,30215,2,6,82,WINE RED OTHER
274,G Home,30215,2,6,83,WINE WHITE GLASS
275,G Home,30215,2,6,84,WINE WHITE BOTTLE
276,G Home,30215,2,6,85,WINE WHITE OTHER
277,G Home,30215,2,6,86,WINE SPARKLING GLASS
278,G Home,30215,2,6,87,WINE SPARKLING BOTTLE
279,G Home,30215,2,6,88,WINE SPARKLING OTHER
280,G Home,30215,2,6,89,WINE DESSERT GLASS
281,G Home,30215,2,6,90,WINE DESSERT BOTTLE
282,G Home,30215,2,6,91,WINE DESSERT OTHER
283,G Home,30215,2,6,92,WINE ROSE GLASS
284,G Home,30215,2,6,93,WINE ROSE BOTTLE
285,G Home,30215,2,6,94,WINE ROSE OTHER
286,G Home,30215,2,6,95,GLASS WINE
287,G Home,30215,2,6,96,
288,G Home,30215,2,6,97,SPA TREATMENT
289,G Home,30215,2,6,98,SPA RETAIL
290,G Home,30215,2,6,99,
291,G Home,30215,2,6,100,BEER BOTTLE DOMESTIC
292,G Home,30215,2,6,101,BEER DRAFT DOMESTIC
293,G Home,30215,2,6,102,BEER BOTTLE IMPORT
294,G Home,30215,2,6,103,BEER DRAFT IMPORT
295,G Home,30215,2,6,104,BEER BANQUET
296,G Home,30215,2,6,105,SELTZER
297,G Home,30215,2,6,106,
298,G Home,30215,2,6,107,HAPPY HOUR
299,G Home,30215,2,6,108,SPECIALITY COCTAILS
300,G Home,30215,2,6,109,COCKTAILS
301,G Home,30215,2,6,110,
302,G Home,30215,2,6,111,SPEED BAR
303,G Home,30215,2,6,112,VODKA
304,G Home,30215,2,6,113,GIN
305,G Home,30215,2,6,114,RUM
306,G Home,30215,2,6,115,TEQUILA
307,G Home,30215,2,6,116,WHISKEY/BOURBON
308,G Home,30215,2,6,117,SCOTCH
309,G Home,30215,2,6,118,COGNAC/BRANDY
310,G Home,30215,2,6,119,APPERTIF
311,G Home,30215,2,6,120,CORDIALS/LIQUEURS
312,G Home,30215,2,6,121,MEZCAL
313,G Home,30215,2,6,122,VALET
314,G Home,30215,2,6,123,DOOR HANGER ITEMS
315,G Home,30215,2,6,124,
316,G Home,30215,2,6,125,$$$ ADD ONS $$$
317,G Home,30215,2,6,126,FOOD PREP
318,G Home,30215,2,6,127,BAR PREP
319,G Home,30215,2,6,128,AM DELIVERY TIMES
320,G Home,30215,2,6,129,PM DELIVERY TIMES
321,G Home,30215,2,6,130,OPEN ITEMS
322,G Home,30215,2,6,131,BANQUET OPEN ITEMS
323,G Home,30215,2,6,132,EMPLOYEE MENU
324,G Home,30215,2,6,133,MrBeast Menu
325,G Home,30215,2,6,137,Test Menu SLU added from Postman
326,G Home,30215,2,6,138,11th Entry
327,G Home,30215,2,6,240,Test Menu SLU added from Postman
328,G Home,30215,2,7,1,Test Menu SLU added from Postman
